{"cameraMode":{"drawMode":0,"name":"Shaded","section":"Shading Mode"},"sceneLighting":true,"audioPlay":false,"sceneViewState":{"m_AlwaysRefresh":false,"showFog":true,"showSkybox":true,"showFlares":true,"showImageEffects":true,"showParticleSystems":true,"showVisualEffectGraphs":true,"m_FxEnabled":true},"in2DMode":false,"pivot":{"x":378.5636291503906,"y":353.7462463378906,"z":183.594970703125},"rotation":{"x":0.08531506359577179,"y":0.04332746937870979,"z":-0.0037135339807718994,"w":0.9954049587249756},"size":291.5901184082031,"orthographic":false}