{"cameraMode":{"drawMode":0,"name":"Shaded","section":"Shading Mode"},"sceneLighting":true,"audioPlay":false,"sceneViewState":{"m_AlwaysRefresh":false,"showFog":true,"showSkybox":true,"showFlares":true,"showImageEffects":true,"showParticleSystems":true,"showVisualEffectGraphs":true,"m_FxEnabled":true},"in2DMode":false,"pivot":{"x":20.014171600341798,"y":-37.43882751464844,"z":1.0006051063537598},"rotation":{"x":0.6953375339508057,"y":0.003234017873182893,"z":-0.003129053395241499,"w":0.7186696529388428},"size":50.61164474487305,"orthographic":true}